ShowNumber;AirDate
4680;31.12.2004
5957;06.07.2010
3751;18.12.2000
3673;19.07.2000
4931;06.02.2006
5690;08.05.2009
2825;06.12.1996
6037;07.12.2010
5243;30.05.2007
3036;10.11.1997
4107;11.06.2002
2735;21.06.1996
5851;08.02.2010
4335;06.06.2003
4541;10.05.2004
3834;12.04.2001
3619;04.05.2000
3534;06.01.2000
4085;10.05.2002
1279;08.03.1990
1302;10.04.1990
4936;13.02.2006
3632;23.05.2000
3362;30.03.1999
4960;17.03.2006
5392;05.02.2008
5795;20.11.2009
6118;30.03.2011
5580;05.12.2008
4699;27.01.2005
3113;25.02.1998
3447;07.09.1999
6294;19.01.2012
3461;27.09.1999
1800;29.05.1992
5981;20.09.2010
3112;24.02.1998
5431;31.03.2008
5630;13.02.2009
4595;23.07.2004
3214;16.07.1998
5145;12.01.2007
5282;24.07.2007
4220;27.12.2002
6125;08.04.2011
5979;16.09.2010
3815;16.03.2001
422;22.04.1986
1740;06.03.1992
3697;03.10.2000
5079;12.10.2006
4487;24.02.2004
5807;08.12.2009
5622;03.02.2009
5084;19.10.2006
5002;16.05.2006
5334;15.11.2007
5347;04.12.2007
4751;11.04.2005
4576;28.06.2004
4582;06.07.2004
5352;11.12.2007
4398;22.10.2003
6144;05.05.2011
6239;03.11.2011
5796;23.11.2009
5996;11.10.2010
2818;27.11.1996
5797;24.11.2009
4213;18.12.2002
4278;19.03.2003
3403;26.05.1999
3436;12.07.1999
1276;05.03.1990
4700;28.01.2005
6288;11.01.2012
5512;22.07.2008
3060;12.12.1997
5419;13.03.2008
5686;04.05.2009
3343;03.03.1999
3331;15.02.1999
3003;24.09.1997
308;13.11.1985
3480;22.10.1999
4842;04.10.2005
1658;13.11.1991
3254;29.10.1998
5903;21.04.2010
5914;06.05.2010
2047;29.06.1993
2349;17.11.1994
5173;21.02.2007
3537;11.01.2000
3911;10.09.2001
4254;13.02.2003
5831;11.01.2010
3470;08.10.1999
4506;22.03.2004
2120;19.11.1993
5935;04.06.2010
3903;18.07.2001
3303;06.01.1999
4968;29.03.2006
5307;09.10.2007
3517;14.12.1999
776;11.01.1988
3010;03.10.1997
3855;11.05.2001
3358;24.03.1999
4985;21.04.2006
6287;10.01.2012
5930;28.05.2010
4306;28.04.2003
5363;26.12.2007
958;02.11.1988
4667;14.12.2004
732;10.11.1987
5476;02.06.2008
5171;19.02.2007
3191;15.06.1998
2515;07.07.1995
4183;06.11.2002
3255;30.10.1998
5094;02.11.2006
4644;11.11.2004
6072;25.01.2011
4808;29.06.2005
5467;20.05.2008
5146;15.01.2007
4146;16.09.2002
3501;22.11.1999
1274;01.03.1990
3547;25.01.2000
4227;07.01.2003
2679;04.04.1996
4724;03.03.2005
3898;11.07.2001
1291;26.03.1990
4946;27.02.2006
4787;31.05.2005
6135;22.04.2011
5443;16.04.2008
62;04.12.1984
6231;24.10.2011
3682;12.09.2000
3102;10.02.1998
5397;12.02.2008
6293;18.01.2012
5624;05.02.2009
3393;12.05.1999
3409;03.06.1999
4160;04.10.2002
3907;04.09.2001
5153;24.01.2007
3820;23.03.2001
6193;13.07.2011
2893;12.03.1997
3108;18.02.1998
4987;25.04.2006
5701;25.05.2009
5530;26.09.2008
4738;23.03.2005
6088;16.02.2011
4550;21.05.2004
3130;20.03.1998
3543;19.01.2000
4177;29.10.2002
6159;26.05.2011
5825;01.01.2010
5416;10.03.2008
3205;03.07.1998
3014;09.10.1997
5623;04.02.2009
4122;02.07.2002
6029;25.11.2010
5281;23.07.2007
4935;10.02.2006
3361;29.03.1999
4472;03.02.2004
5437;08.04.2008
4766;02.05.2005
3588;22.03.2000
4362;15.07.2003
5311;15.10.2007
4300;18.04.2003
6014;04.11.2010
4873;16.11.2005
4698;26.01.2005
3795;16.02.2001
5279;19.07.2007
3136;30.03.1998
4461;19.01.2004
5081;16.10.2006
4950;03.03.2006
2903;26.03.1997
3209;09.07.1998
3053;03.12.1997
1875;30.10.1992
3139;02.04.1998
3276;30.11.1998
4693;19.01.2005
5880;19.03.2010
2778;02.10.1996
5759;01.10.2009
5332;13.11.2007
6230;21.10.2011
5760;02.10.2009
4695;21.01.2005
4586;12.07.2004
4798;15.06.2005
2341;07.11.1994
3749;14.12.2000
3251;26.10.1998
3780;26.01.2001
4618;06.10.2004
5181;05.03.2007
5014;01.06.2006
4348;25.06.2003
2835;20.12.1996
4849;13.10.2005
3804;01.03.2001
4530;23.04.2004
5132;26.12.2006
3788;07.02.2001
4726;07.03.2005
6196;18.07.2011
4642;09.11.2004
4988;26.04.2006
5862;23.02.2010
1191;06.11.1989
3596;03.04.2000
3854;10.05.2001
2124;25.11.1993
3519;16.12.1999
3621;08.05.2000
5110;24.11.2006
3193;17.06.1998
5591;22.12.2008
1429;15.11.1990
3402;25.05.1999
5342;27.11.2007
1103;24.05.1989
5757;29.09.2009
5758;30.09.2009
5435;04.04.2008
3846;30.04.2001
4628;20.10.2004
4511;29.03.2004
4084;09.05.2002
2832;17.12.1996
3731;20.11.2000
5788;11.11.2009
5327;06.11.2007
3340;26.02.1999
5408;27.02.2008
2685;12.04.1996
2886;03.03.1997
4239;23.01.2003
3272;24.11.1998
5468;21.05.2008
5200;30.03.2007
6260;02.12.2011
3396;17.05.1999
3969;29.11.2001
1908;16.12.1992
5946;21.06.2010
3660;30.06.2000
5346;03.12.2007
5001;15.05.2006
1526;01.04.1991
5460;09.05.2008
5051;24.07.2006
3103;11.02.1998
4344;19.06.2003
6161;30.05.2011
5816;21.12.2009
1210;01.12.1989
4732;15.03.2005
3736;27.11.2000
3018;15.10.1997
3285;11.12.1998
5513;23.07.2008
4155;27.09.2002
5768;14.10.2009
3504;25.11.1999
5174;22.02.2007
5841;25.01.2010
2960;13.06.1997
6192;12.07.2011
5792;17.11.2009
4496;08.03.2004
2969;26.06.1997
5822;29.12.2009
731;09.11.1987
5628;11.02.2009
5770;16.10.2009
3779;25.01.2001
5777;27.10.2009
1329;17.05.1990
5763;07.10.2009
423;23.04.1986
3227;22.09.1998
4866;07.11.2005
5280;20.07.2007
2853;15.01.1997
5581;08.12.2008
3863;23.05.2001
3520;17.12.1999
5052;25.07.2006
3734;23.11.2000
4974;06.04.2006
4952;07.03.2006
4844;06.10.2005
3175;22.05.1998
4612;28.09.2004
5253;13.06.2007
5601;05.01.2009
5729;02.07.2009
5986;27.09.2010
3322;02.02.1999
3109;19.02.1998
5660;27.03.2009
10;21.09.1984
6070;21.01.2011
5815;18.12.2009
3154;23.04.1998
4390;10.10.2003
5459;08.05.2008
4583;07.07.2004
3267;17.11.1998
4925;27.01.2006
3723;08.11.2000
6025;19.11.2010
5694;14.05.2009
3582;14.03.2000
3009;02.10.1997
980;02.12.1988
5906;26.04.2010
5688;06.05.2009
4588;14.07.2004
5389;31.01.2008
3665;07.07.2000
3170;15.05.1998
5071;02.10.2006
4880;25.11.2005
4981;17.04.2006
2849;09.01.1997
496;03.11.1986
3118;04.03.1998
2683;10.04.1996
3647;13.06.2000
5551;27.10.2008
4308;30.04.2003
5954;01.07.2010
369;06.02.1986
5872;09.03.2010
3338;24.02.1999
5810;11.12.2009
5874;11.03.2010
4650;19.11.2004
3893;04.07.2001
3475;15.10.1999
5038;05.07.2006
4609;23.09.2004
3288;16.12.1998
4929;02.02.2006
5308;10.10.2007
2126;29.11.1993
3709;19.10.2000
6140;29.04.2011
6127;12.04.2011
6040;10.12.2010
5949;24.06.2010
3245;16.10.1998
3686;18.09.2000
3220;11.09.1998
2874;13.02.1997
5257;19.06.2007
4900;23.12.2005
3740;01.12.2000
4622;12.10.2004
4465;23.01.2004
2968;25.06.1997
4815;08.07.2005
6069;20.01.2011
5150;19.01.2007
3774;18.01.2001
13;26.09.1984
3540;14.01.2000
4810;01.07.2005
3775;19.01.2001
1795;22.05.1992
3714;26.10.2000
3083;14.01.1998
5817;22.12.2009
6282;03.01.2012
5967;20.07.2010
4663;08.12.2004
4862;01.11.2005
2975;04.07.1997
4664;09.12.2004
5210;13.04.2007
3541;17.01.2000
4287;01.04.2003
5102;14.11.2006
4265;28.02.2003
5120;08.12.2006
5756;28.09.2009
4167;15.10.2002
3320;29.01.1999
3643;07.06.2000
5055;28.07.2006
5487;17.06.2008
3776;22.01.2001
1245;19.01.1990
5271;09.07.2007
3334;18.02.1999
6226;17.10.2011
5296;24.09.2007
4903;28.12.2005
5648;11.03.2009
4657;30.11.2004
4877;22.11.2005
4249;06.02.2003
6242;08.11.2011
4820;15.07.2005
5123;13.12.2006
5860;19.02.2010
3688;20.09.2000
4819;14.07.2005
4123;03.07.2002
2923;23.04.1997
5969;22.07.2010
4662;07.12.2004
3916;17.09.2001
4843;05.10.2005
3481;25.10.1999
59;29.11.1984
2916;14.04.1997
6197;19.07.2011
3494;11.11.1999
2925;25.04.1997
4561;07.06.2004
3782;30.01.2001
4975;07.04.2006
5625;06.02.2009
5507;15.07.2008
2118;17.11.1993
5481;09.06.2008
1480;25.01.1991
4892;13.12.2005
2736;24.06.1996
2020;21.05.1993
2988;03.09.1997
3241;12.10.1998
5793;18.11.2009
5887;30.03.2010
2339;03.11.1994
5908;28.04.2010
3434;08.07.1999
1799;28.05.1992
3738;29.11.2000
4639;05.11.2004
2934;08.05.1997
6156;23.05.2011
2806;11.11.1996
6129;14.04.2011
2957;10.06.1997
4955;10.03.2006
6116;28.03.2011
3557;08.02.2000
2756;02.09.1996
3737;28.11.2000
6172;14.06.2011
4714;17.02.2005
5885;26.03.2010
3432;06.07.1999
4752;12.04.2005
3561;14.02.2000
5923;19.05.2010
3216;07.09.1998
4728;09.03.2005
6049;23.12.2010
4105;07.06.2002
5328;07.11.2007
4552;25.05.2004
3634;25.05.2000
5605;09.01.2009
2814;21.11.1996
2019;20.05.1993
3026;27.10.1997
5522;16.09.2008
4708;09.02.2005
2122;23.11.1993
5855;12.02.2010
4238;22.01.2003
5383;23.01.2008
3292;22.12.1998
4761;25.04.2005
2931;05.05.1997
4494;04.03.2004
3724;09.11.2000
5111;27.11.2006
4802;21.06.2005
6147;10.05.2011
5599;01.01.2009
3291;21.12.1998
5452;29.04.2008
3178;27.05.1998
4979;13.04.2006
6152;17.05.2011
5612;20.01.2009
5177;27.02.2007
1657;12.11.1991
3404;27.05.1999
6016;08.11.2010
4268;05.03.2003
3725;10.11.2000
2049;01.07.1993
5472;27.05.2008
4937;14.02.2006
1532;09.04.1991
6060;07.01.2011
5708;03.06.2009
5651;16.03.2009
2625;19.01.1996
4546;17.05.2004
5681;27.04.2009
2576;13.11.1995
4740;25.03.2005
5249;07.06.2007
4305;25.04.2003
3728;15.11.2000
1856;05.10.1992
2894;13.03.1997
3399;20.05.1999
5978;15.09.2010
3463;29.09.1999
5568;19.11.2008
6010;29.10.2010
3698;04.10.2000
1531;08.04.1991
6098;02.03.2011
4140;06.09.2002
5657;24.03.2009
5242;29.05.2007
3269;19.11.1998
5516;08.09.2008
5964;15.07.2010
4947;28.02.2006
5577;02.12.2008
3886;25.06.2001
64;06.12.1984
6104;10.03.2011
4081;06.05.2002
1333;23.05.1990
2981;14.07.1997
5589;18.12.2008
5440;11.04.2008
3388;05.05.1999
3833;11.04.2001
6148;11.05.2011
3441;19.07.1999
6112;22.03.2011
4191;18.11.2002
3984;20.12.2001
3243;14.10.1998
5668;08.04.2009
1985;02.04.1993
3179;28.05.1998
5361;24.12.2007
5904;22.04.2010
5889;01.04.2010
3066;22.12.1997
58;28.11.1984
3089;22.01.1998
3708;18.10.2000
5478;04.06.2008
4654;25.11.2004
2963;18.06.1997
3217;08.09.1998
3677;05.09.2000
5744;23.07.2009
3511;06.12.1999
3140;03.04.1998
5893;07.04.2010
5183;07.03.2007
3771;15.01.2001
5667;07.04.2009
6189;07.07.2011
503;12.11.1986
5821;28.12.2009
6074;27.01.2011
6128;13.04.2011
4631;25.10.2004
4930;03.02.2006
4318;14.05.2003
3575;03.03.2000
5331;12.11.2007
5772;20.10.2009
2951;02.06.1997
4304;24.04.2003
6297;24.01.2012
5595;26.12.2008
5754;24.09.2009
3080;09.01.1998
5430;28.03.2008
3063;17.12.1997
4786;30.05.2005
5799;26.11.2009
4218;25.12.2002
5028;21.06.2006
5555;31.10.2008
734;12.11.1987
2579;16.11.1995
4555;28.05.2004
3488;03.11.1999
6187;05.07.2011
4207;10.12.2002
3809;08.03.2001
3375;16.04.1999
2762;10.09.1996
6248;16.11.2011
4887;06.12.2005
5088;25.10.2006
4292;08.04.2003
4165;11.10.2002
4919;19.01.2006
3658;28.06.2000
3729;16.11.2000
1250;26.01.1990
3968;28.11.2001
2961;16.06.1997
3422;22.06.1999
4876;21.11.2005
4795;10.06.2005
5137;02.01.2007
3457;21.09.1999
5348;05.12.2007
1340;01.06.1990
4499;11.03.2004
3950;02.11.2001
1890;20.11.1992
6270;16.12.2011
3258;04.11.1998
5426;24.03.2008
499;06.11.1986
3239;08.10.1998
4721;28.02.2005
618;22.04.1987
3386;03.05.1999
4613;29.09.2004
5018;07.06.2006
5425;21.03.2008
5032;27.06.2006
838;06.04.1988
4921;23.01.2006
5360;21.12.2007
6225;14.10.2011
3051;01.12.1997
1792;19.05.1992
5189;15.03.2007
3232;29.09.1998
4705;04.02.2005
4894;15.12.2005
5175;23.02.2007
4825;22.07.2005
5905;23.04.2010
4184;07.11.2002
3812;13.03.2001
6275;23.12.2011
5241;28.05.2007
6065;14.01.2011
5194;22.03.2007
6066;17.01.2011
2899;20.03.1997
3385;30.04.1999
3006;29.09.1997
5436;07.04.2008
5824;31.12.2009
4548;19.05.2004
5164;08.02.2007
2884;27.02.1997
4940;17.02.2006
1872;27.10.1992
4829;15.09.2005
6085;11.02.2011
5721;22.06.2009
5925;21.05.2010
1886;16.11.1992
4617;05.10.2004
1307;17.04.1990
2751;15.07.1996
6228;19.10.2011
2836;23.12.1996
3853;09.05.2001
4512;30.03.2004
3613;26.04.2000
5406;25.02.2008
5238;23.05.2007
5335;16.11.2007
5260;22.06.2007
5593;24.12.2008
5144;11.01.2007
2127;30.11.1993
3485;29.10.1999
3811;12.03.2001
3704;12.10.2000
1605;19.07.1991
6091;21.02.2011
3487;02.11.1999
2861;27.01.1997
6100;04.03.2011
2052;06.07.1993
4606;20.09.2004
4584;08.07.2004
5886;29.03.2010
5180;02.03.2007
663;24.06.1987
3720;03.11.2000
5583;10.12.2008
3937;16.10.2001
2863;29.01.1997
5562;11.11.2008
3952;06.11.2001
5998;13.10.2010
2880;21.02.1997
4965;24.03.2006
6131;18.04.2011
4757;19.04.2005
3181;01.06.1998
6078;02.02.2011
3790;09.02.2001
4658;01.12.2004
5457;06.05.2008
3830;06.04.2001
6143;04.05.2011
5544;16.10.2008
5973;28.07.2010
5010;26.05.2006
3796;19.02.2001
4864;03.11.2005
2572;07.11.1995
3978;12.12.2001
4951;06.03.2006
5518;10.09.2008
2821;02.12.1996
3127;17.03.1998
4141;09.09.2002
4217;24.12.2002
5958;07.07.2010
3909;06.09.2001
4171;21.10.2002
5781;02.11.2009
3050;28.11.1997
6163;01.06.2011
6028;24.11.2010
3172;19.05.1998
5687;05.05.2009
5411;03.03.2008
4253;12.02.2003
5197;27.03.2007
2355;25.11.1994
5644;05.03.2009
4599;09.09.2004
6076;31.01.2011
4197;26.11.2002
4648;17.11.2004
5375;11.01.2008
5464;15.05.2008
1851;28.09.1992
5837;19.01.2010
3793;14.02.2001
4832;20.09.2005
6087;15.02.2011
3004;25.09.1997
14;27.09.1984
5965;16.07.2010
4258;19.02.2003
4696;24.01.2005
5846;01.02.2010
5058;13.09.2006
5881;22.03.2010
3061;15.12.1997
4411;10.11.2003
5692;12.05.2009
5227;08.05.2007
3528;29.12.1999
1194;09.11.1989
3287;15.12.1998
497;04.11.1986
2908;02.04.1997
4312;06.05.2003
3367;06.04.1999
3268;18.11.1998
2513;05.07.1995
3164;07.05.1998
4712;15.02.2005
1430;16.11.1990
6245;11.11.2011
4365;18.07.2003
3265;13.11.1998
6134;21.04.2011
5152;23.01.2007
1311;23.04.1990
3783;31.01.2001
5127;19.12.2006
4467;27.01.2004
3692;26.09.2000
3943;24.10.2001
4768;04.05.2005
3581;13.03.2000
5239;24.05.2007
3883;20.06.2001
2125;26.11.1993
3237;06.10.1998
5548;22.10.2008
61;03.12.1984
4200;29.11.2002
2889;06.03.1997
4956;13.03.2006
1656;11.11.1991
4158;02.10.2002
5077;10.10.2006
3566;21.02.2000
5645;06.03.2009
3240;09.10.1998
5466;19.05.2008
5693;13.05.2009
2621;15.01.1996
5563;12.11.2008
5980;17.09.2010
5545;17.10.2008
966;14.11.1988
3794;15.02.2001
3035;07.11.1997
3696;02.10.2000
5499;03.07.2008
3818;21.03.2001
5287;11.09.2007
4206;09.12.2002
1285;16.03.1990
4522;13.04.2004
3277;01.12.1998
3509;02.12.1999
3967;27.11.2001
5089;26.10.2006
5149;18.01.2007
2595;08.12.1995
4782;24.05.2005
1283;14.03.1990
4828;14.09.2005
6203;27.07.2011
6158;25.05.2011
3408;02.06.1999
2990;05.09.1997
3574;02.03.2000
5119;07.12.2006
3927;02.10.2001
5879;18.03.2010
5124;14.12.2006
4706;07.02.2005
498;05.11.1986
4264;27.02.2003
2935;09.05.1997
3081;12.01.1998
3832;10.04.2001
5129;21.12.2006
3430;02.07.1999
4895;16.12.2005
4689;13.01.2005
6204;28.07.2011
2051;05.07.1993
5971;26.07.2010
3753;20.12.2000
3478;20.10.1999
3401;24.05.1999
3973;05.12.2001
1871;26.10.1992
2912;08.04.1997
5525;19.09.2008
2843;01.01.1997
3259;05.11.1998
3563;16.02.2000
4990;28.04.2006
3252;27.10.1998
4746;04.04.2005
3550;28.01.2000
5773;21.10.2009
3211;13.07.1998
4813;06.07.2005
5543;15.10.2008
4345;20.06.2003
5987;28.09.2010
4870;11.11.2005
5048;19.07.2006
307;12.11.1985
3213;15.07.1998
5138;03.01.2007
4535;30.04.2004
4879;24.11.2005
6101;07.03.2011
4637;03.11.2004
4875;18.11.2005
1423;07.11.1990
4764;28.04.2005
5943;16.06.2010
4783;25.05.2005
5207;10.04.2007
5527;23.09.2008
4578;30.06.2004
1255;02.02.1990
5234;17.05.2007
5226;07.05.2007
4762;26.04.2005
5746;14.09.2009
5451;28.04.2008
3752;19.12.2000
3144;09.04.1998
3370;09.04.1999
961;07.11.1988
6222;11.10.2011
4274;13.03.2003
6058;05.01.2011
3327;09.02.1999
5201;02.04.2007
6174;16.06.2011
5924;20.05.2010
4745;01.04.2005
6035;03.12.2010
4920;20.01.2006
3315;22.01.1999
2929;01.05.1997
4244;30.01.2003
3064;18.12.1997
3286;14.12.1998
5673;15.04.2009
5062;19.09.2006
5826;04.01.2010
5159;01.02.2007
4361;14.07.2003
5600;02.01.2009
4145;13.09.2002
6079;03.02.2011
4958;15.03.2006
2777;01.10.1996
5696;18.05.2009
3533;05.01.2000
3411;07.06.1999
5484;12.06.2008
3131;23.03.1998
4380;26.09.2003
5755;25.09.2009
4896;19.12.2005
4826;12.09.2005
3302;05.01.1999
4794;09.06.2005
5582;09.12.2008
3298;30.12.1998
2885;28.02.1997
5495;27.06.2008
6181;27.06.2011
4299;17.04.2003
1267;20.02.1990
6034;02.12.2010
5005;19.05.2006
3764;04.01.2001
5912;04.05.2010
4455;09.01.2004
3440;16.07.1999
3173;20.05.1998
4973;05.04.2006
739;19.11.1987
5065;22.09.2006
2987;02.09.1997
3654;22.06.2000
4788;01.06.2005
6124;07.04.2011
4629;21.10.2004
3085;16.01.1998
446;26.05.1986
6264;08.12.2011
5523;17.09.2008
3002;23.09.1997
2632;30.01.1996
4087;14.05.2002
6250;18.11.2011
5025;16.06.2006
2582;21.11.1995
5421;17.03.2008
5968;21.07.2010
3710;20.10.2000
3616;01.05.2000
5107;21.11.2006
621;27.04.1987
5854;11.02.2010
5016;05.06.2006
5302;02.10.2007
2622;16.01.1996
3389;06.05.1999
2776;30.09.1996
6009;28.10.2010
6267;13.12.2011
2891;10.03.1997
6182;28.06.2011
4793;08.06.2005
5483;11.06.2008
6132;19.04.2011
1260;09.02.1990
3312;19.01.1999
6208;21.09.2011
3000;19.09.1997
1206;27.11.1989
6103;09.03.2011
4796;13.06.2005
2340;04.11.1994
6184;30.06.2011
5262;26.06.2007
6295;20.01.2012
4686;10.01.2005
4854;20.10.2005
5927;25.05.2010
3263;11.11.1998
5301;01.10.2007
606;06.04.1987
6004;21.10.2010
3442;20.07.1999
475;03.10.1986
2914;10.04.1997
5022;13.06.2006
3048;26.11.1997
5531;29.09.2008
5748;16.09.2009
5006;22.05.2006
3469;07.10.1999
6268;14.12.2011
5823;30.12.2009
3124;12.03.1998
2236;02.05.1994
2919;17.04.1997
4489;26.02.2004
6176;20.06.2011
5151;22.01.2007
2948;28.05.1997
5750;18.09.2009
5191;19.03.2007
5574;27.11.2008
3580;10.03.2000
3905;20.07.2001
2830;13.12.1996
4260;21.02.2003
4747;05.04.2005
4619;07.10.2004
737;17.11.1987
4510;26.03.2004
5080;13.10.2006
5990;01.10.2010
967;15.11.1988
2820;29.11.1996
6015;05.11.2010
3944;25.10.2001
3123;11.03.1998
5290;14.09.2007
4753;13.04.2005
4812;05.07.2005
5565;14.11.2008
4668;15.12.2004
3816;19.03.2001
2350;18.11.1994
1428;14.11.1990
3043;19.11.1997
5938;09.06.2010
4519;08.04.2004
4174;24.10.2002
4185;08.11.2002
4337;10.06.2003
5771;19.10.2009
5083;18.10.2006
5188;14.03.2007
5733;08.07.2009
4797;14.06.2005
3861;21.05.2001
5767;13.10.2009
2541;25.09.1995
3030;31.10.1997
6151;16.05.2011
1290;23.03.1990
1328;16.05.1990
2977;08.07.1997
3902;17.07.2001
4471;02.02.2004
6017;09.11.2010
4179;31.10.2002
4106;10.06.2002
2900;21.03.1997
4214;19.12.2002
4806;27.06.2005
2581;20.11.1995
4356;07.07.2003
3730;17.11.2000
5719;18.06.2009
4580;02.07.2004
6202;26.07.2011
4451;05.01.2004
3842;24.04.2001
4909;05.01.2006
3823;28.03.2001
5840;22.01.2010
3669;13.07.2000
4838;28.09.2005
5205;06.04.2007
2351;21.11.1994
5955;02.07.2010
5626;09.02.2009
3195;19.06.1998
3021;20.10.1997
5716;15.06.2009
4883;30.11.2005
5575;28.11.2008
2928;30.04.1997
4893;14.12.2005
5775;23.10.2009
1289;22.03.1990
4998;10.05.2006
4691;17.01.2005
2930;02.05.1997
306;11.11.1985
3554;03.02.2000
5850;05.02.2010
3516;13.12.1999
3264;12.11.1998
2980;11.07.1997
4543;12.05.2004
4608;22.09.2004
5101;13.11.2006
3874;07.06.2001
5501;07.07.2008
4719;24.02.2005
3556;07.02.2000
3141;06.04.1998
4749;07.04.2005
3881;18.06.2001
5779;29.10.2009
4585;09.07.2004
3785;02.02.2001
3626;15.05.2000
5794;19.11.2009
4342;17.06.2003
4735;18.03.2005
4653;24.11.2004
3433;07.07.1999
5931;31.05.2010
3544;20.01.2000
3451;13.09.1999
4943;22.02.2006
4507;23.03.2004
1984;01.04.1993
3939;18.10.2001
3606;17.04.2000
3042;18.11.1997
3623;10.05.2000
3162;05.05.1998
5321;29.10.2007
5237;22.05.2007
5086;23.10.2006
5074;05.10.2006
5193;21.03.2007
2130;03.12.1993
5820;25.12.2009
4309;01.05.2003
4927;31.01.2006
5393;06.02.2008
4493;03.03.2004
5366;31.12.2007
5720;19.06.2009
2994;11.09.1997
4031;25.02.2002
3745;08.12.2000
6026;22.11.2010
4;13.09.1984
3872;05.06.2001
5680;24.04.2009
5169;15.02.2007
3757;26.12.2000
4837;27.09.2005
3579;09.03.2000
5474;29.05.2008
4850;14.10.2005
5878;17.03.2010
5921;17.05.2010
6005;22.10.2010
4243;29.01.2003
5920;14.05.2010
4366;08.09.2003
6106;14.03.2011
5317;23.10.2007
5235;18.05.2007
5521;15.09.2008
3506;29.11.1999
2837;24.12.1996
3873;06.06.2001
4417;18.11.2003
5270;06.07.2007
2921;21.04.1997
4890;09.12.2005
5341;26.11.2007
3628;17.05.2000
5284;26.07.2007
5100;10.11.2006
3087;20.01.1998
1162;26.09.1989
4513;31.03.2004
5295;21.09.2007
4851;17.10.2005
4730;11.03.2005
2754;18.07.1996
3805;02.03.2001
2971;30.06.1997
4340;13.06.2003
3577;07.03.2000
3798;21.02.2001
3148;15.04.1998
4285;28.03.2003
5420;14.03.2008
4957;14.03.2006
1227;26.12.1989
3284;10.12.1998
2816;25.11.1996
6068;19.01.2011
6291;16.01.2012
3101;09.02.1998
6233;26.10.2011
6008;27.10.2010
3093;28.01.1998
4502;16.03.2004
5975;30.07.2010
3559;10.02.2000
5503;09.07.2008
3454;16.09.1999
5847;02.02.2010
5509;17.07.2008
2824;05.12.1996
5444;17.04.2008
2757;03.09.1996
3167;12.05.1998
4772;10.05.2005
5724;25.06.2009
4626;18.10.2004
4607;21.09.2004
3153;22.04.1998
3936;15.10.2001
5033;28.06.2006
2682;09.04.1996
5894;08.04.2010
4330;30.05.2003
6283;04.01.2012
759;10.12.1987
4803;22.06.2005
3247;20.10.1998
6219;06.10.2011
3598;05.04.2000
738;18.11.1987
2986;01.09.1997
4643;10.11.2004
3323;03.02.1999
5310;12.10.2007
2119;18.11.1993
6141;02.05.2011
3513;08.12.1999
6077;01.02.2011
2982;15.07.1997
3587;21.03.2000
5617;27.01.2009
5418;12.03.2008
6185;01.07.2011
3808;07.03.2001
3733;22.11.2000
662;23.06.1987
4636;01.11.2004
6211;26.09.2011
4775;13.05.2005
5542;14.10.2008
4565;11.06.2004
5059;14.09.2006
3296;28.12.1998
3233;30.09.1998
3382;27.04.1999
3681;11.09.2000
1634;10.10.1991
3974;06.12.2001
3490;05.11.1999
4458;14.01.2004
839;07.04.1988
3656;26.06.2000
5702;26.05.2009
6000;15.10.2010
5277;17.07.2007
5318;24.10.2007
5448;23.04.2008
4092;21.05.2002
2995;12.09.1997
4319;15.05.2003
5045;14.07.2006
617;21.04.1987
5666;06.04.2009
4328;28.05.2003
5798;25.11.2009
3466;04.10.1999
3234;01.10.1998
5272;10.07.2007
3479;21.10.1999
5976;13.09.2010
1254;01.02.1990
5728;01.07.2009
4779;19.05.2005
3169;14.05.1998
3128;18.03.1998
4392;14.10.2003
3071;29.12.1997
5926;24.05.2010
5567;18.11.2008
6271;19.12.2011
3032;04.11.1997
2945;23.05.1997
5314;18.10.2007
3202;30.06.1998
5225;04.05.2007
3885;22.06.2001
5215;20.04.2007
1263;14.02.1990
6199;21.07.2011
4230;10.01.2003
4549;20.05.2004
5913;05.05.2010
3339;25.02.1999
4180;01.11.2002
5252;12.06.2007
5735;10.07.2009
4923;25.01.2006
4497;09.03.2004
2828;11.12.1996
5723;24.06.2009
5827;05.01.2010
5134;28.12.2006
5283;25.07.2007
2817;26.11.1996
1192;07.11.1989
4846;10.10.2005
4537;04.05.2004
3548;26.01.2000
3948;31.10.2001
4707;08.02.2005
3257;03.11.1998
4267;04.03.2003
5713;10.06.2009
3690;22.09.2000
5956;05.07.2010
4682;04.01.2005
5117;05.12.2006
464;18.09.1986
6279;29.12.2011
5166;12.02.2007
4559;03.06.2004
1230;29.12.1989
6109;17.03.2011
3700;06.10.2000
5778;28.10.2009
4697;25.01.2005
4587;13.07.2004
3836;16.04.2001
4295;11.04.2003
4275;14.03.2003
5919;13.05.2010
6138;27.04.2011
5324;01.11.2007
5829;07.01.2010
3946;29.10.2001
736;16.11.1987
6238;02.11.2011
6162;31.05.2011
4755;15.04.2005
3824;29.03.2001
2251;23.05.1994
4818;13.07.2005
6121;04.04.2011
4914;12.01.2006
3477;19.10.1999
5475;30.05.2008
1888;18.11.1992
2838;25.12.1996
3639;01.06.2000
5401;18.02.2008
3437;13.07.1999
5170;16.02.2007
4518;07.04.2004
3595;31.03.2000
6120;01.04.2011
3929;04.10.2001
5230;11.05.2007
3586;20.03.2000
3045;21.11.1997
3069;25.12.1997
3270;20.11.1998
5800;27.11.2009
4215;20.12.2002
5041;10.07.2006
3114;26.02.1998
6212;27.09.2011
2882;25.02.1997
5722;23.06.2009
1178;18.10.1989
4625;15.10.2004
6191;11.07.2011
3062;16.12.1997
4564;10.06.2004
5422;18.03.2008
5291;17.09.2007
1;10.09.1984
4469;29.01.2004
1558;15.05.1991
5143;10.01.2007
1221;18.12.1989
3138;01.04.1998
5559;06.11.2008
1498;20.02.1991
1246;22.01.1990
3659;29.06.2000
3443;21.07.1999
778;13.01.1988
3878;13.06.2001
6265;09.12.2011
1322;08.05.1990
3040;14.11.1997
5139;04.01.2007
4237;21.01.2003
4816;11.07.2005
3914;13.09.2001
5865;26.02.2010
5353;12.12.2007
3467;05.10.1999
3844;26.04.2001
4878;23.11.2005
4263;26.02.2003
2952;03.06.1997
4139;05.09.2002
4246;03.02.2003
6240;04.11.2011
1906;14.12.1992
1837;08.09.1992
5678;22.04.2009
4630;22.10.2004
2583;22.11.1995
5832;12.01.2010
4910;06.01.2006
3065;19.12.1997
3377;20.04.1999
4594;22.07.2004
3762;02.01.2001
1295;30.03.1990
5267;03.07.2007
5863;24.02.2010
3449;09.09.1999
5944;17.06.2010
5546;20.10.2008
6130;15.04.2011
4710;11.02.2005
5945;18.06.2010
4143;11.09.2002
3732;21.11.2000
5676;20.04.2009
3212;14.07.1998
2962;17.06.1997
6227;18.10.2011
5306;08.10.2007
3640;02.06.2000
3889;28.06.2001
3458;22.09.1999
3827;03.04.2001
3921;24.09.2001
5828;06.01.2010
5128;20.12.2006
3222;15.09.1998
4789;02.06.2005
4272;11.03.2003
5596;29.12.2008
5950;25.06.2010
3689;21.09.2000
6171;13.06.2011
5039;06.07.2006
3576;06.03.2000
6221;10.10.2011
3029;30.10.1997
5875;12.03.2010
5326;05.11.2007
3203;01.07.1998
1486;04.02.1991
5900;16.04.2010
6113;23.03.2011
4577;29.06.2004
4856;24.10.2005
5537;07.10.2008
3088;21.01.1998
5229;10.05.2007
5390;01.02.2008
3023;22.10.1997
6022;16.11.2010
5959;08.07.2010
3135;27.03.1998
3122;10.03.1998
3890;29.06.2001
4871;14.11.2005
5115;01.12.2006
4666;13.12.2004
1214;07.12.1989
6053;29.12.2010
5179;01.03.2007
4959;16.03.2006
4918;18.01.2006
3231;28.09.1998
2128;01.12.1993
3373;14.04.1999
4204;05.12.2002
3705;13.10.2000
5766;12.10.2009
5611;19.01.2009
3349;11.03.1999
1175;13.10.1989
3329;11.02.1999
3031;03.11.1997
4339;12.06.2003
3225;18.09.1998
3356;22.03.1999
523;10.12.1986
3826;02.04.2001
3569;24.02.2000
5806;07.12.2009
1659;14.11.1991
4514;01.04.2004
1190;03.11.1989
2629;25.01.1996
4544;13.05.2004
4041;11.03.2002
1630;04.10.1991
1197;14.11.1989
3054;04.12.1997
3198;24.06.1998
3521;20.12.1999
3058;10.12.1997
6090;18.02.2011
3565;18.02.2000
4152;24.09.2002
3435;09.07.1999
5246;04.06.2007
5085;20.10.2006
6201;25.07.2011
1887;17.11.1992
5709;04.06.2009
4154;26.09.2002
5108;22.11.2006
5818;23.12.2009
5050;21.07.2006
5669;09.04.2009
5654;19.03.2009
371;10.02.1986
5511;21.07.2008
4865;04.11.2005
5638;25.02.2009
2827;10.12.1996
2947;27.05.1997
5536;06.10.2008
3716;30.10.2000
3933;10.10.2001
5256;18.06.2007
3423;23.06.1999
2686;15.04.1996
5997;12.10.2010
3324;04.02.1999
5540;10.10.2008
4632;26.10.2004
4944;23.02.2006
4948;01.03.2006
4353;02.07.2003
3868;30.05.2001
5344;29.11.2007
2955;06.06.1997
5461;12.05.2008
5221;30.04.2007
3934;11.10.2001
3532;04.01.2000
4346;23.06.2003
4605;17.09.2004
5578;03.12.2008
3662;04.07.2000
5857;16.02.2010
5939;10.06.2010
4395;17.10.2003
5834;14.01.2010
6137;26.04.2011
3381;26.04.1999
1185;27.10.1989
5423;19.03.2008
6213;28.09.2011
3784;01.02.2001
3674;20.07.2000
3025;24.10.1997
5076;09.10.2006
3450;10.09.1999
5161;05.02.2007
5298;26.09.2007
3917;18.09.2001
3456;20.09.1999
2207;22.03.1994
3206;06.07.1998
5319;25.10.2007
5187;13.03.2007
3857;15.05.2001
5934;03.06.2010
4509;25.03.2004
3560;11.02.2000
3694;28.09.2000
3146;13.04.1998
3870;01.06.2001
3384;29.04.1999
3667;11.07.2000
3351;15.03.1999
4343;18.06.2003
3781;29.01.2001
4194;21.11.2002
4859;27.10.2005
3500;19.11.1999
3294;24.12.1998
1104;25.05.1989
2920;18.04.1997
5632;17.02.2009
3649;15.06.2000
3551;31.01.2000
57;27.11.1984
3915;14.09.2001
5407;26.02.2008
4232;14.01.2003
2752;16.07.1996
6089;17.02.2011
2812;19.11.1996
3145;10.04.1998
3867;29.05.2001
4491;01.03.2004
5852;09.02.2010
1170;06.10.1989
4799;16.06.2005
5695;15.05.2009
5190;16.03.2007
3837;17.04.2001
5154;25.01.2007
3787;06.02.2001
5029;22.06.2006
2979;10.07.1997
3431;05.07.1999
5539;09.10.2008
3814;15.03.2001
2580;17.11.1995
6096;28.02.2011
5027;20.06.2006
4570;18.06.2004
2855;17.01.1997
5629;12.02.2009
4332;03.06.2003
3094;29.01.1998
5633;18.02.2009
4899;22.12.2005
3171;18.05.1998
5691;11.05.2009
6013;03.11.2010
4189;14.11.2002
4315;09.05.2003
5535;03.10.2008
3364;01.04.1999
4389;09.10.2003
4176;28.10.2002
6063;12.01.2011
3301;04.01.1999
4898;21.12.2005
5682;28.04.2009
4162;08.10.2002
311;18.11.1985
5231;14.05.2007
5414;06.03.2008
5106;20.11.2006
5637;24.02.2009
4078;01.05.2002
3670;14.07.2000
3802;27.02.2001
5402;19.02.2008
3310;15.01.1999
3219;10.09.1998
4399;23.10.2003
4251;10.02.2003
5203;04.04.2007
5974;29.07.2010
5362;25.12.2007
4262;25.02.2003
2985;18.07.1997
5858;17.02.2010
2808;13.11.1996
5454;01.05.2008
5288;12.09.2007
1294;29.03.1990
5047;18.07.2006
3965;23.11.2001
4301;21.04.2003
5639;26.02.2009
3742;05.12.2000
5357;18.12.2007
5387;29.01.2008
4525;16.04.2004
4713;16.02.2005
3398;19.05.1999
4912;10.01.2006
4991;01.05.2006
3918;19.09.2001
3489;04.11.1999
5859;18.02.2010
3096;02.02.1998
5901;19.04.2010
3758;27.12.2000
5743;22.07.2009
2055;09.07.1993
3813;14.03.2001
3932;09.10.2001
4901;26.12.2005
5465;16.05.2008
3391;10.05.1999
4857;25.10.2005
5717;16.06.2009
2780;04.10.1996
6254;24.11.2011
4473;04.02.2004
6198;20.07.2011
2635;02.02.1996
2857;21.01.1997
4574;24.06.2004
5989;30.09.2010
3770;12.01.2001
3545;21.01.2000
4508;24.03.2004
3767;09.01.2001
5592;23.12.2008
5594;25.12.2008
2868;05.02.1997
5325;02.11.2007
4523;14.04.2004
5438;09.04.2008
6059;06.01.2011
1791;18.05.1992
5491;23.06.2008
5498;02.07.2008
2619;11.01.1996
4104;06.06.2002
1421;05.11.1990
3207;07.07.1998
5972;27.07.2010
3975;07.12.2001
4610;24.09.2004
6031;29.11.2010
4360;11.07.2003
2670;22.03.1996
3938;17.10.2001
3308;13.01.1999
5073;04.10.2006
5493;25.06.2008
5699;21.05.2009
5184;08.03.2007
5037;04.07.2006
3843;25.04.2001
5477;03.06.2008
4986;24.04.2006
4845;07.10.2005
6300;27.01.2012
4641;08.11.2004
5216;23.04.2007
6102;08.03.2011
5898;14.04.2010
3049;27.11.1997
3013;08.10.1997
4869;10.11.2005
3345;05.03.1999
5983;22.09.2010
6030;26.11.2010
3116;02.03.1998
5141;08.01.2007
5848;03.02.2010
6235;28.10.2011
3871;04.06.2001
6041;13.12.2010
4671;20.12.2004
5294;20.09.2007
4231;13.01.2003
2976;07.07.1997
1193;08.11.1989
2924;24.04.1997
3354;18.03.1999
3468;06.10.1999
6277;27.12.2011
4147;17.09.2002
4086;13.05.2002
3750;15.12.2000
2358;30.11.1994
4307;29.04.2003
6255;25.11.2011
6095;25.02.2011
5320;26.10.2007
5486;16.06.2008
3188;10.06.1998
2514;06.07.1995
4527;20.04.2004
3631;22.05.2000
2949;29.05.1997
3743;06.12.2000
6083;09.02.2011
5160;02.02.2007
6237;01.11.2011
6082;08.02.2011
2811;18.11.1996
5689;07.05.2009
66;10.12.1984
5500;04.07.2008
2902;25.03.1997
3155;24.04.1998
4317;13.05.2003
3875;08.06.2001
4652;23.11.2004
4367;09.09.2003
1105;26.05.1989
2943;21.05.1997
4235;17.01.2003
3896;09.07.2001
5747;15.09.2009
5449;24.04.2008
4983;19.04.2006
4716;21.02.2005
3653;21.06.2000
3620;05.05.2000
3735;24.11.2000
6165;03.06.2011
3851;07.05.2001
4776;16.05.2005
4164;10.10.2002
4093;22.05.2002
5093;01.11.2006
6052;28.12.2010
5877;16.03.2010
5130;22.12.2006
1152;12.09.1989
3282;08.12.1998
4831;19.09.2005
3374;15.04.1999
3523;22.12.1999
3964;22.11.2001
5572;25.11.2008
4823;20.07.2005
5740;17.07.2009
5590;19.12.2008
3850;04.05.2001
5261;25.06.2007
4718;23.02.2005
6284;05.01.2012
6281;02.01.2012
5571;24.11.2008
3538;12.01.2000
505;14.11.1986
4166;14.10.2002
4208;11.12.2002
3421;21.06.1999
5933;02.06.2010
4928;01.02.2006
3887;26.06.2001
4505;19.03.2004
3655;23.06.2000
1331;21.05.1990
5836;18.01.2010
3452;14.09.1999
4970;31.03.2006
5994;07.10.2010
4701;31.01.2005
4715;18.02.2005
3597;04.04.2000
4186;11.11.2002
4961;20.03.2006
4474;05.02.2004
3068;24.12.1997
5662;31.03.2009
3638;31.05.2000
6153;18.05.2011
4393;15.10.2003
2813;20.11.1996
484;16.10.1986
5655;20.03.2009
5553;29.10.2008
5700;22.05.2009
4221;30.12.2002
3908;05.09.2001
1339;31.05.1990
4241;27.01.2003
3570;25.02.2000
3226;21.09.1998
5519;11.09.2008
3204;02.07.1998
1239;11.01.1990
5469;22.05.2008
3611;24.04.2000
3852;08.05.2001
3325;05.02.1999
1654;07.11.1991
3941;22.10.2001
3542;18.01.2000
3605;14.04.2000
1300;06.04.1990
6200;22.07.2011
3344;04.03.1999
1102;23.05.1989
5659;26.03.2009
3567;22.02.2000
533;24.12.1986
6073;26.01.2011
3637;30.05.2000
3326;08.02.1999
5739;16.07.2009
3028;29.10.1997
1257;06.02.1990
4475;06.02.2004
5982;21.09.2010
3652;20.06.2000
5636;23.02.2009
5404;21.02.2008
5514;24.07.2008
4855;21.10.2005
3972;04.12.2001
3879;14.06.2001
5711;08.06.2009
3047;25.11.1997
4296;14.04.2003
2585;24.11.1995
2883;26.02.1997
5232;15.05.2007
6296;23.01.2012
2898;19.03.1997
5861;22.02.2010
4190;15.11.2002
3906;03.09.2001
4333;04.06.2003
4226;06.01.2003
5378;16.01.2008
3508;01.12.1999
278;02.10.1985
4528;21.04.2004
5186;12.03.2007
5398;13.02.2008
4977;11.04.2006
3744;07.12.2000
4276;17.03.2003
3174;21.05.1998
1874;29.10.1992
5053;26.07.2006
5866;01.03.2010
4341;16.06.2003
3474;14.10.1999
2844;02.01.1997
6289;12.01.2012
5118;06.12.2006
3187;09.06.1998
5473;28.05.2008
4247;04.02.2003
5112;28.11.2006
3244;15.10.1998
5672;14.04.2009
3097;03.02.1998
2997;16.09.1997
5313;17.10.2007
3192;16.06.1998
5917;11.05.2010
4868;09.11.2005
3977;11.12.2001
4350;27.06.2003
4841;03.10.2005
5566;17.11.2008
4694;20.01.2005
3182;02.06.1998
1884;12.11.1992
3472;12.10.1999
5520;12.09.2008
5040;07.07.2006
5741;20.07.2009
5731;06.07.2009
1905;11.12.1992
3627;16.05.2000
4916;16.01.2006
5588;17.12.2008
2847;07.01.1997
3801;26.02.2001
6024;18.11.2010
4459;15.01.2004
4915;13.01.2006
5603;07.01.2009
2845;03.01.1997
3646;12.06.2000
5745;24.07.2009
5445;18.04.2008
5805;04.12.2009
5259;21.06.2007
5529;25.09.2008
3416;14.06.1999
3346;08.03.1999
5224;03.05.2007
3280;04.12.1998
3119;05.03.1998
4560;04.06.2004
5386;28.01.2008
3281;07.12.1998
3210;10.07.1998
4683;05.01.2005
5570;21.11.2008
3190;12.06.1998
3910;07.09.2001
3951;05.11.2001
4569;17.06.2004
3880;15.06.2001
1309;19.04.1990
4734;17.03.2005
5786;09.11.2009
4205;06.12.2002
4172;22.10.2002
3248;21.10.1998
5020;09.06.2006
3817;20.03.2001
5147;16.01.2007
6234;27.10.2011
2866;03.02.1997
4889;08.12.2005
3199;25.06.1998
4248;05.02.2003
1266;19.02.1990
5263;27.06.2007
3721;06.11.2000
5258;20.06.2007
6057;04.01.2011
6169;09.06.2011
5068;27.09.2006
4488;25.02.2004
4672;21.12.2004
3307;12.01.1999
5714;11.06.2009
5541;13.10.2008
3126;16.03.1998
5496;30.06.2008
4615;01.10.2004
5726;29.06.2009
3484;28.10.1999
6276;26.12.2011
5209;12.04.2007
3642;06.06.2000
3601;10.04.2000
4516;05.04.2004
2875;14.02.1997
4997;09.05.2006
4492;02.03.2004
962;08.11.1988
5703;27.05.2009
2352;22.11.1994
4656;29.11.2004
3848;02.05.2001
3194;18.06.1998
5706;01.06.2009
3651;19.06.2000
786;25.01.1988
5718;17.06.2009
6033;01.12.2010
3529;30.12.1999
279;03.10.1985
3072;30.12.1997
1424;08.11.1990
4202;03.12.2002
5658;25.03.2009
4486;23.02.2004
3493;10.11.1999
3414;10.06.1999
3132;24.03.1998
5367;01.01.2008
3585;17.03.2000
2346;14.11.1994
571;16.02.1987
5104;16.11.2006
5727;30.06.2009
5618;28.01.2009
2926;28.04.1997
4769;05.05.2005
5769;15.10.2009
5610;16.01.2009
5300;28.09.2007
4604;16.09.2004
4391;13.10.2003
2781;07.10.1996
4685;07.01.2005
4199;28.11.2002
3562;15.02.2000
3899;12.07.2001
3845;27.04.2001
3075;02.01.1998
5217;24.04.2007
3052;02.12.1997
3668;12.07.2000
4042;12.03.2002
1932;19.01.1993
5684;30.04.2009
4886;05.12.2005
6157;24.05.2011
3603;12.04.2000
4363;16.07.2003
6286;09.01.2012
6080;04.02.2011
3419;17.06.1999
3309;14.01.1999
5497;01.07.2008
1945;05.02.1993
3791;12.02.2001
5635;20.02.2009
6251;21.11.2011
3754;21.12.2000
4453;07.01.2004
4809;30.06.2005
5268;04.07.2007
4676;27.12.2004
5470;23.05.2008
4590;16.07.2004
1862;13.10.1992
5732;07.07.2009
2846;06.01.1997
5685;01.05.2009
4359;10.07.2003
1325;11.05.1990
4540;07.05.2004
4181;04.11.2002
5463;14.05.2008
5450;25.04.2008
6021;15.11.2010
5030;23.06.2006
5;14.09.1984
3684;14.09.2000
3105;13.02.1998
5403;20.02.2008
5652;17.03.2009
3250;23.10.1998
6179;23.06.2011
4567;15.06.2004
2779;03.10.1996
4917;17.01.2006
4933;08.02.2006
5202;03.04.2007
2680;05.04.1996
5446;21.04.2008
6164;02.06.2011
67;11.12.1984
3236;05.10.1998
2378;28.12.1994
6001;18.10.2010
5380;18.01.2008
4906;02.01.2006
3727;14.11.2000
5751;21.09.2009
6042;14.12.2010
3970;30.11.2001
5849;04.02.2010
4860;28.10.2005
5004;18.05.2006
3121;09.03.1998
4727;08.03.2005
740;20.11.1987
276;30.09.1985
2904;27.03.1997
5698;20.05.2009
5384;24.01.2008
5026;19.06.2006
5642;03.03.2009
1653;06.11.1991
6190;08.07.2011
5222;01.05.2007
5883;24.03.2010
4791;06.06.2005
5056;11.09.2006
1271;26.02.1990
4926;30.01.2006
5471;26.05.2008
4526;19.04.2004
4966;27.03.2006
619;23.04.1987
3079;08.01.1998
3683;13.09.2000
4773;11.05.2005
3027;28.10.1997
3448;08.09.1999
6232;25.10.2011
5091;30.10.2006
4907;03.01.2006
4736;21.03.2005
3332;16.02.1999
2989;04.09.1997
4972;04.04.2006
5054;27.07.2006
3945;26.10.2001
5602;06.01.2009
5012;30.05.2006
6086;14.02.2011
777;12.01.1988
5780;30.10.2009
3841;23.04.2001
3876;11.06.2001
5247;05.06.2007
3835;13.04.2001
5608;14.01.2009
4286;31.03.2003
2872;11.02.1997
5303;03.10.2007
5015;02.06.2006
4600;10.09.2004
3016;13.10.1997
2972;01.07.1997
3156;27.04.1998
6215;30.09.2011
4591;19.07.2004
2953;04.06.1997
4922;24.01.2006
3496;15.11.1999
3891;02.07.2001
5538;08.10.2008
4303;23.04.2003
6111;21.03.2011
5412;04.03.2008
3524;23.12.1999
3661;03.07.2000
4539;06.05.2004
4556;31.05.2004
4290;04.04.2003
5413;05.03.2008
4136;02.09.2002
2978;09.07.1997
6266;12.12.2011
5910;30.04.2010
4168;16.10.2002
4964;23.03.2006
6012;02.11.2010
4743;30.03.2005
5762;06.10.2009
312;19.11.1985
4737;22.03.2005
5458;07.05.2008
2117;16.11.1993
5564;13.11.2008
3920;21.09.2001
4635;29.10.2004
3133;25.03.1998
5162;06.02.2007
3525;24.12.1999
4529;22.04.2004
5494;26.06.2008
1106;29.05.1989
4994;04.05.2006
6167;07.06.2011
4771;09.05.2005
4322;20.05.2003
2841;30.12.1996
1224;21.12.1989
5441;14.04.2008
1639;17.10.1991
4532;27.04.2004
5462;13.05.2008
6173;15.06.2011
2897;18.03.1997
3143;08.04.1998
4572;22.06.2004
5157;30.01.2007
4624;14.10.2004
4675;24.12.2004
3497;16.11.1999
1319;03.05.1990
4187;12.11.2002
3446;06.09.1999
5072;03.10.2006
5561;10.11.2008
4888;07.12.2005
4614;30.09.2004
5665;03.04.2009
3033;05.11.1997
3283;09.12.1998
2354;24.11.1994
5909;29.04.2010
4157;01.10.2002
3001;22.09.1997
4271;10.03.2003
2940;16.05.1997
5250;08.06.2007
5274;12.07.2007
5963;14.07.2010
3882;19.06.2001
5960;09.07.2010
6027;23.11.2010
5951;28.06.2010
2;11.09.1984
4969;30.03.2006
3235;02.10.1998
5066;25.09.2006
3166;11.05.1998
4266;03.03.2003
4144;12.09.2002
3368;07.04.1999
2974;03.07.1997
3228;23.09.1998
2915;11.04.1997
3553;02.02.2000
3913;12.09.2001
3741;04.12.2000
5480;06.06.2008
3304;07.01.1999
5845;29.01.2010
6149;12.05.2011
3111;23.02.1998
4242;28.01.2003
3420;18.06.1999
5947;22.06.2010
6261;05.12.2011
6253;23.11.2011
4130;12.07.2002
5345;30.11.2007
4623;13.10.2004
4684;06.01.2005
4679;30.12.2004
4581;05.07.2004
6093;23.02.2011
5586;15.12.2008
4598;08.09.2004
5803;02.12.2009
6166;06.06.2011
6183;29.06.2011
5620;30.01.2009
6023;17.11.2010
2983;16.07.1997
6084;10.02.2011
3464;30.09.1999
3755;22.12.2000
3630;19.05.2000
5615;23.01.2009
5704;28.05.2009
3020;17.10.1997
482;14.10.1986
3807;06.03.2001
1889;19.11.1992
5988;29.09.2010
4188;13.11.2002
6186;04.07.2011
6241;07.11.2011
4547;18.05.2004
2860;24.01.1997
5715;12.06.2009
6092;22.02.2011
1237;09.01.1990
3739;30.11.2000
5557;04.11.2008
5897;13.04.2010
4503;17.03.2004
1318;02.05.1990
2834;19.12.1996
4638;04.11.2004
4534;29.04.2004
65;07.12.1984
6006;25.10.2010
3858;16.05.2001
4175;25.10.2002
3242;13.10.1998
1427;13.11.1990
4558;02.06.2004
4867;08.11.2005
3059;11.12.1997
5549;23.10.2008
4153;25.09.2002
5155;26.01.2007
501;10.11.1986
4454;08.01.2004
4229;09.01.2003
5433;02.04.2008
4742;29.03.2005
4891;12.12.2005
5970;23.07.2010
3407;01.06.1999
2669;21.03.1996
4297;15.04.2003
4351;30.06.2003
4661;06.12.2004
3223;16.09.1998
4281;24.03.2003
897;28.06.1988
4827;13.09.2005
2809;14.11.1996
2578;15.11.1995
5148;17.01.2007
3476;18.10.1999
3200;26.06.1998
6177;21.06.2011
2895;14.03.1997
1882;10.11.1992
5517;09.09.2008
5891;05.04.2010
2959;12.06.1997
6062;11.01.2011
3341;01.03.1999
4310;02.05.2003
4490;27.02.2004
2038;16.06.1993
5125;15.12.2006
3007;30.09.1997
3120;06.03.1998
12;25.09.1984
5811;14.12.2009
3526;27.12.1999
4223;01.01.2003
3076;05.01.1998
4173;23.10.2002
3949;01.11.2001
3904;19.07.2001
1324;10.05.1990
500;07.11.1986
3201;29.06.1998
4169;17.10.2002
5304;04.10.2007
3707;17.10.2000
2936;12.05.1997
6081;07.02.2011
4634;28.10.2004
6290;13.01.2012
2862;28.01.1997
6243;09.11.2011
6056;03.01.2011
4236;20.01.2003
5489;19.06.2008
3333;17.02.1999
3110;20.02.1998
3829;05.04.2001
4320;16.05.2003
4980;14.04.2006
6188;06.07.2011
4932;07.02.2006
5388;30.01.2008
3137;31.03.1998
4592;20.07.2004
4967;28.03.2006
3067;23.12.1997
5337;20.11.2007
5377;15.01.2008
5330;09.11.2007
5671;13.04.2009
3455;17.09.1999
5095;03.11.2006
5364;27.12.2007
4336;09.06.2003
370;07.02.1986
6115;25.03.2011
6280;30.12.2011
4811;04.07.2005
2628;24.01.1996
5309;11.10.2007
1281;12.03.1990
5245;01.06.2007
5952;29.06.2010
3711;23.10.2000
3699;05.10.2000
4840;30.09.2005
5240;25.05.2007
1272;27.02.1990
6099;03.03.2011
6257;29.11.2011
5043;12.07.2006
4293;09.04.2003
3693;27.09.2000
3390;07.05.1999
6194;14.07.2011
4646;15.11.2004
1660;15.11.1991
1236;08.01.1990
3412;08.06.1999
4358;09.07.2003
3600;07.04.2000
3810;09.03.2001
5907;27.04.2010
5584;11.12.2008
3299;31.12.1998
2867;04.02.1997
3799;22.02.2001
1262;13.02.1990
2620;12.01.1996
5336;19.11.2007
3756;25.12.2000
3527;28.12.1999
5784;05.11.2009
5902;20.04.2010
3459;23.09.1999
5340;23.11.2007
56;26.11.1984
779;14.01.1988
4500;12.03.2004
3134;26.03.1998
4240;24.01.2003
6007;26.10.2010
4233;15.01.2003
6123;06.04.2011
4369;11.09.2003
4596;06.09.2004
5550;24.10.2008
2048;30.06.1993
3197;23.06.1998
2753;17.07.1996
1525;29.03.1991
3150;17.04.1998
5322;30.10.2007
5417;11.03.2008
3663;05.07.2000
5738;15.07.2009
3383;28.04.1999
4096;27.05.2002
2913;09.04.1997
5579;04.12.2008
1150;08.09.1989
3512;07.12.1999
4640;06.11.2004
6246;14.11.2011
4790;03.06.2005
3215;17.07.1998
2039;17.06.1993
6170;10.06.2011
5075;06.10.2006
1652;05.11.1991
5008;24.05.2006
4462;20.01.2004
4289;03.04.2003
4717;22.02.2005
3357;23.03.1999
4589;15.07.2004
3360;26.03.1999
1907;15.12.1992
3273;25.11.1998
314;21.11.1985
2631;29.01.1996
2584;23.11.1995
5552;28.10.2008
5400;15.02.2008
1651;04.11.1991
5808;09.12.2009
3410;04.06.1999
5415;07.03.2008
5597;30.12.2008
5992;05.10.2010
3760;29.12.2000
1158;20.09.1989
4670;17.12.2004
3748;13.12.2000
1241;15.01.1990
3615;28.04.2000
4801;20.06.2005
6142;03.05.2011
4897;20.12.2005
5285;27.07.2007
5556;03.11.2008
3884;21.06.2001
5394;07.02.2008
3306;11.01.1999
1474;17.01.1991
4839;29.09.2005
3262;10.11.1998
5276;16.07.2007
4995;05.05.2006
2911;07.04.1997
3462;28.09.1999
5790;13.11.2009
4814;07.07.2005
3098;04.02.1998
4224;02.01.2003
4334;05.06.2003
3518;15.12.1999
3337;23.02.1999
5737;14.07.2009
5192;20.03.2007
3571;28.02.2000
4460;16.01.2004
5273;11.07.2007
5631;16.02.2009
5142;09.01.2007
780;15.01.1988
4273;12.03.2003
4225;03.01.2003
3979;13.12.2001
6075;28.01.2011
3552;01.02.2000
4992;02.05.2006
5196;26.03.2007
4077;30.04.2002
3633;24.05.2000
5844;28.01.2010
4209;12.12.2002
3947;30.10.2001
5034;29.06.2006
4616;04.10.2004
3314;21.01.1999
5265;29.06.2007
3722;07.11.2000
5099;09.11.2006
2673;27.03.1996
5853;10.02.2010
1200;17.11.1989
6216;03.10.2011
3486;01.11.1999
5515;25.07.2008
3860;18.05.2001
5991;04.10.2010
3319;28.01.1999
5439;10.04.2008
1790;15.05.1992
3672;18.07.2000
4557;01.06.2004
2850;10.01.1997
3719;02.11.2000
2677;02.04.1996
4942;21.02.2006
5432;01.04.2008
63;05.12.1984
5251;11.06.2007
5809;10.12.2009
4298;16.04.2003
3253;28.10.1998
5372;08.01.2008
4388;08.10.2003
5787;10.11.2009
3091;26.01.1998
5488;18.06.2008
2942;20.05.1997
3353;17.03.1999
3157;28.04.1998
3158;29.04.1998
5697;19.05.2009
4138;04.09.2002
3439;15.07.1999
2946;26.05.1997
6178;22.06.2011
3160;01.05.1998
5042;11.07.2006
5942;15.06.2010
3641;05.06.2000
4633;27.10.2004
2922;22.04.1997
5868;03.03.2010
5614;22.01.2009
4470;30.01.2004
3077;06.01.1998
4821;18.07.2005
4083;08.05.2002
367;04.02.1986
5782;03.11.2009
5255;15.06.2007
5009;25.05.2006
4674;23.12.2004
2966;23.06.1997
2512;04.07.1995
4571;21.06.2004
4763;27.04.2005
3862;22.05.2001
3901;16.07.2001
4830;16.09.2005
5109;23.11.2006
3789;08.02.2001
4659;02.12.2004
3311;18.01.1999
5082;17.10.2006
5966;19.07.2010
5573;26.11.2008
5198;28.03.2007
3676;04.09.2000
4945;24.02.2006
3046;24.11.1997
5116;04.12.2006
4804;23.06.2005
3963;21.11.2001
6139;28.04.2011
3828;04.04.2001
5289;13.09.2007
1196;13.11.1989
4884;01.12.2005
4611;27.09.2004
2347;15.11.1994
4210;13.12.2002
5126;18.12.2006
6210;23.09.2011
4777;17.05.2005
4711;14.02.2005
3246;19.10.1998
3465;01.10.1999
3645;09.06.2000
3715;27.10.2000
1330;18.05.1990
5036;03.07.2006
4655;26.11.2004
3507;30.11.1999
5677;21.04.2009
4620;08.10.2004
5761;05.10.2009
5007;23.05.2006
5627;10.02.2009
2674;28.03.1996
4678;29.12.2004
4294;10.04.2003
5882;23.03.2010
3022;21.10.1997
5233;16.05.2007
5395;08.02.2008
3691;25.09.2000
2956;09.06.1997
4963;22.03.2006
1655;08.11.1991
3877;12.06.2001
3492;09.11.1999
5286;10.09.2007
3371;12.04.1999
5427;25.03.2008
5765;09.10.2009
5206;09.04.2007
4193;20.11.2002
5168;14.02.2007
5819;24.12.2009
6136;25.04.2011
4457;13.01.2004
5532;30.09.2008
5616;26.01.2009
6180;24.06.2011
3531;03.01.2000
3505;26.11.1999
5185;09.03.2007
3678;06.09.2000
4538;05.05.2004
2760;06.09.1996
3935;12.10.2001
5707;02.06.2009
2129;02.12.1993
3976;10.12.2001
5405;22.02.2008
1147;05.09.1989
3044;20.11.1997
1793;20.05.1992
2996;15.09.1997
5122;12.12.2006
3602;11.04.2000
6055;31.12.2010
4750;08.04.2005
5833;13.01.2010
3713;25.10.2000
5870;05.03.2010
3712;24.10.2000
3765;05.01.2001
5764;08.10.2009
3417;15.06.1999
3;12.09.1984
4690;14.01.2005
3092;27.01.1998
5182;06.03.2007
2856;20.01.1997
6107;15.03.2011
3702;10.10.2000
4255;14.02.2003
6272;20.12.2011
2353;23.11.1994
3413;09.06.1999
3019;16.10.1997
5057;12.09.2006
5918;12.05.2010
5948;23.06.2010
3625;12.05.2000
4834;22.09.2005
4780;20.05.2005
4673;22.12.2004
4464;22.01.2004
2854;16.01.1997
1326;14.05.1990
5621;02.02.2009
3279;03.12.1998
6038;08.12.2010
4456;12.01.2004
6039;09.12.2010
3330;12.02.1999
6067;18.01.2011
4536;03.05.2004
4725;04.03.2005
4822;19.07.2005
2759;05.09.1996
2357;29.11.1994
5892;06.04.2010
5524;18.09.2008
3438;14.07.1999
5349;06.12.2007
6205;29.07.2011
4954;09.03.2006
4649;18.11.2004
620;24.04.1987
5399;14.02.2008
3679;07.09.2000
1312;24.04.1990
3657;27.06.2000
3106;16.02.1998
3316;25.01.1999
902;05.07.1988
5350;07.12.2007
4989;27.04.2006
5078;11.10.2006
5864;25.02.2010
4316;12.05.2003
3460;24.09.1999
68;12.12.1984
3271;23.11.1998
3249;22.10.1998
4692;18.01.2005
5379;17.01.2008
3230;25.09.1998
2150;31.12.1993
4533;28.04.2004
4397;21.10.2003
3318;27.01.1999
3522;21.12.1999
2932;06.05.1997
6298;25.01.2012
3418;16.06.1999
3387;04.05.1999
4731;14.03.2005
3839;19.04.2001
3037;11.11.1997
6032;30.11.2010
3664;06.07.2000
3366;05.04.1999
6249;17.11.2011
3503;24.11.1999
5428;26.03.2008
5613;21.01.2009
2123;24.11.1993
5776;26.10.2009
5368;02.01.2008
5156;29.01.2007
4941;20.02.2006
4102;04.06.2002
3293;23.12.1998
3819;22.03.2001
3352;16.03.1999
5455;02.05.2008
5410;29.02.2008
5641;02.03.2009
3348;10.03.1999
3159;30.04.1998
5843;27.01.2010
6133;20.04.2011
5208;11.04.2007
4729;10.03.2005
5873;10.03.2010
3831;09.04.2001
2842;31.12.1996
3897;10.07.2001
6224;13.10.2011
3347;09.03.1999
3806;05.03.2001
4739;24.03.2005
5479;05.06.2008
4723;02.03.2005
2918;16.04.1997
4778;18.05.2005
3297;29.12.1998
3261;09.11.1998
5136;01.01.2007
3350;12.03.1999
2121;22.11.1993
5293;19.09.2007
6097;01.03.2011
4741;28.03.2005
4170;18.10.2002
5391;04.02.2008
4993;03.05.2006
2627;23.01.1996
3701;09.10.2000
2826;09.12.1996
3803;28.02.2001
3761;01.01.2001
2984;17.07.1997
5165;09.02.2007
3090;23.01.1998
309;14.11.1985
2890;07.03.1997
6047;21.12.2010
2999;18.09.1997
3378;21.04.1999
1883;11.11.1992
6154;19.05.2011
6220;07.10.2011
3342;02.03.1999
6119;31.03.2011
5338;21.11.2007
5382;22.01.2008
2858;22.01.1997
1332;22.05.1990
3847;01.05.2001
6117;29.03.2011
3336;22.02.1999
3966;26.11.2001
1327;15.05.1990
5736;13.07.2009
5895;09.04.2010
4524;15.04.2004
3797;20.02.2001
1238;10.01.1990
4939;16.02.2006
4760;22.04.2005
4593;21.07.2004
5219;26.04.2007
2143;22.12.1993
6046;20.12.2010
4314;08.05.2003
4836;26.09.2005
3180;29.05.1998
5937;08.06.2010
5640;27.02.2009
4452;06.01.2004
3275;27.11.1998
6263;07.12.2011
5656;23.03.2009
2881;24.02.1997
5506;14.07.2008
2896;17.03.1997
4807;28.06.2005
4396;20.10.2003
3073;31.12.1997
5941;14.06.2010
3502;23.11.1999
4151;23.09.2002
3055;05.12.1997
5995;08.10.2010
4498;10.03.2004
1320;04.05.1990
758;09.12.1987
3100;06.02.1998
3185;05.06.1998
5869;04.03.2010
5576;01.12.2008
3142;07.04.1998
2873;12.02.1997
4765;29.04.2005
5396;11.02.2008
1426;12.11.1990
5674;16.04.2009
6145;06.05.2011
3397;18.05.1999
5097;07.11.2006
3380;23.04.1999
3624;11.05.2000
2910;04.04.1997
1273;28.02.1990
3405;28.05.1999
3675;21.07.2000
3335;19.02.1999
3599;06.04.2000
2116;15.11.1993
2970;27.06.1997
3555;04.02.2000
2998;17.09.1997
2571;06.11.1995
963;09.11.1988
3612;25.04.2000
6071;24.01.2011
4824;21.07.2005
3161;04.05.1998
4833;21.09.2005
3444;22.07.1999
6064;13.01.2011
3483;27.10.1999
965;11.11.1988
3125;13.03.1998
4370;12.09.2003
1425;09.11.1990
3558;09.02.2000
607;07.04.1987
5456;05.05.2008
3363;31.03.1999
4908;04.01.2006
1240;12.01.1990
4744;31.03.2005
4904;29.12.2005
2944;22.05.1997
5133;27.12.2006
4504;18.03.2004
5299;27.09.2007
3718;01.11.2000
733;11.11.1987
6105;11.03.2011
3117;03.03.1998
2865;31.01.1997
4288;02.04.2003
4573;23.06.2004
3763;03.01.2001
3395;14.05.1999
502;11.11.1986
4733;16.03.2005
3539;13.01.2000
4163;09.10.2002
4562;08.06.2004
3372;13.04.1999
5105;17.11.2006
5343;28.11.2007
6236;31.10.2011
5890;02.04.2010
4792;07.06.2005
3912;11.09.2001
3706;16.10.2000
2577;14.11.1995
3635;26.05.2000
3549;27.01.2000
5248;06.06.2007
5749;17.09.2009
4603;15.09.2004
970;18.11.1988
5087;24.10.2006
3221;14.09.1998
5312;16.10.2007
4767;03.05.2005
5842;26.01.2010
3546;24.01.2000
3614;27.04.2000
3415;11.06.1999
3218;09.09.1998
4784;26.05.2005
2869;06.02.1997
2870;07.02.1997
504;13.11.1986
2901;24.03.1997
4872;15.11.2005
2831;16.12.1996
3726;13.11.2000
3942;23.10.2001
4219;26.12.2002
4195;22.11.2002
4515;02.04.2004
2758;04.09.1996
5140;05.01.2007
3024;23.10.1997
2015;14.05.1993
5359;20.12.2007
5940;11.06.2010
6155;20.05.2011
4924;26.01.2006
4665;10.12.2004
1422;06.11.1990
2810;15.11.1996
6108;16.03.2011
3568;23.02.2000
1198;15.11.1989
3703;11.10.2000
4722;01.03.2005
6218;05.10.2011
6214;29.09.2011
4545;14.05.2004
4466;26.01.2004
4660;03.12.2004
3840;20.04.2001
2839;26.12.1996
5505;11.07.2008
4269;06.03.2003
3115;27.02.1998
3426;28.06.1999
5019;08.06.2006
4703;02.02.2005
5598;31.12.2008
6050;24.12.2010
3099;05.02.1998
1265;16.02.1990
3445;23.07.1999
4321;19.05.2003
6269;15.12.2011
3104;12.02.1998
5492;24.06.2008
4874;17.11.2005
5528;24.09.2008
4971;03.04.2006
3149;16.04.1998
5023;14.06.2006
3290;18.12.1998
5675;17.04.2009
3584;16.03.2000
3687;19.09.2000
4323;21.05.2003
3514;09.12.1999
4327;27.05.2003
5649;12.03.2009
3971;03.12.2001
2941;19.05.1997
5607;13.01.2009
3695;29.09.2000
4934;09.02.2006
5228;09.05.2007
4270;07.03.2003
5176;26.02.2007
368;05.02.1986
5753;23.09.2009
4681;03.01.2005
4949;02.03.2006
3082;13.01.1998
5316;22.10.2007
4911;09.01.2006
4032;26.02.2002
3078;07.01.1998
5587;16.12.2008
2933;07.05.1997
3313;20.01.1999
4847;11.10.2005
6285;06.01.2012
3039;13.11.1997
5021;12.06.2006
5060;15.09.2006
5664;02.04.2009
6126;11.04.2011
5339;22.11.2007
5670;10.04.2009
4848;12.10.2005
3355;19.03.1999
3900;13.07.2001
5888;31.03.2010
6247;15.11.2011
4277;18.03.2003
2543;27.09.1995
3822;27.03.2001
5266;02.07.2007
4996;08.05.2006
6259;01.12.2011
6048;22.12.2010
5333;14.11.2007
4651;22.11.2004
3266;16.11.1998
4517;06.04.2004
4198;27.11.2002
6209;22.09.2011
5725;26.06.2009
6150;13.05.2011
2624;18.01.1996
3017;14.10.1997
5264;28.06.2007
5609;15.01.2009
5275;13.07.2007
5067;26.09.2006
3849;03.05.2001
3177;26.05.1998
5650;13.03.2009
5278;18.07.2007
277;01.10.1985
3604;13.04.2000
5044;13.07.2006
4754;14.04.2005
5839;21.01.2010
5896;12.04.2010
5867;02.03.2010
3365;02.04.1999
3777;23.01.2001
5199;29.03.2007
5220;27.04.2007
3256;02.11.1998
4159;03.10.2002
5985;24.09.2010
3428;30.06.1999
5785;06.11.2009
3129;19.03.1998
5802;01.12.2009
4368;10.09.2003
5752;22.09.2009
3591;27.03.2000
5381;21.01.2008
4817;12.07.2005
6019;11.11.2010
5999;14.10.2010
5329;08.11.2007
3650;16.06.2000
5376;14.01.2008
4324;22.05.2003
3425;25.06.1999
4259;20.02.2003
1002;03.01.1989
4756;18.04.2005
4211;16.12.2002
4688;12.01.2005
3859;17.05.2001
3838;18.04.2001
2954;05.06.1997
5113;29.11.2006
4283;26.03.2003
2876;17.02.1997
2938;14.05.1997
3229;24.09.1998
4325;23.05.2003
2672;26.03.1996
5017;06.06.2006
5315;19.10.2007
6273;21.12.2011
3609;20.04.2000
4858;26.10.2005
3666;10.07.2000
3084;15.01.1998
4978;12.04.2006
4329;29.05.2003
5213;18.04.2007
310;15.11.1985
4542;11.05.2004
5911;03.05.2010
5453;30.04.2008
5558;05.11.2008
4103;05.06.2002
4257;18.02.2003
4357;08.07.2003
2840;27.12.1996
2815;22.11.1996
6262;06.12.2011
969;17.11.1988
4748;06.04.2005
3583;15.03.2000
6292;17.01.2012
4256;17.02.2003
6168;08.06.2011
3056;08.12.1997
6223;12.10.2011
4313;07.05.2003
2927;29.04.1997
3671;17.07.2000
3618;03.05.2000
5046;17.07.2006
3926;01.10.2001
4597;07.09.2004
6175;17.06.2011
4982;18.04.2006
5647;10.03.2009
3498;17.11.1999
4082;07.05.2002
3057;09.12.1997
5508;16.07.2008
2623;17.01.1996
4702;01.02.2005
4228;08.01.2003
3379;22.04.1999
5447;22.04.2008
4212;17.12.2002
3392;11.05.1999
5915;07.05.2010
5961;12.07.2010
3168;13.05.1998
4770;06.05.2005
4704;03.02.2005
3184;04.06.1998
5158;31.01.2007
3680;08.09.2000
5936;07.06.2010
4234;16.01.2003
2633;31.01.1996
2823;04.12.1996
6114;24.03.2011
4352;01.07.2003
3629;18.05.2000
3278;02.12.1998
3186;08.06.1998
5090;27.10.2006
3499;18.11.1999
4861;31.10.2005
4758;20.04.2005
4953;08.03.2006
3590;24.03.2000
5929;27.05.2010
4882;29.11.2005
1296;02.04.1990
5211;16.04.2007
3317;26.01.1999
3295;25.12.1998
5254;14.06.2007
5916;10.05.2010
3011;06.10.1997
4938;15.02.2006
6217;04.10.2011
5024;15.06.2006
4302;22.04.2003
5064;21.09.2006
5424;20.03.2008
3747;12.12.2000
5434;03.04.2008
5003;17.05.2006
280;04.10.1985
2992;09.09.1997
4885;02.12.2005
2958;11.06.1997
3012;07.10.1997
110;08.02.1985
3573;01.03.2000
1199;16.11.1989
4601;13.09.2004
4852;18.10.2005
5063;20.09.2006
1286;19.03.1990
5835;15.01.2010
1308;18.04.1990
5351;10.12.2007
5356;17.12.2007
5801;30.11.2009
3328;10.02.1999
1685;20.12.1991
5490;20.06.2008
4805;24.06.2005
3394;13.05.1999
5502;08.07.2008
4568;16.06.2004
5742;21.07.2009
5096;06.11.2006
3086;19.01.1998
5547;21.10.2008
5884;25.03.2010
4881;28.11.2005
5482;10.06.2008
3931;08.10.2001
3321;01.02.1999
3041;17.11.1997
5705;29.05.2009
6110;18.03.2011
735;13.11.1987
4554;27.05.2004
5442;15.04.2008
3183;03.06.1998
3928;03.10.2001
2906;31.03.1997
5223;02.05.2007
5534;02.10.2008
3608;19.04.2000
5604;08.01.2009
4150;20.09.2002
4196;25.11.2002
4282;25.03.2003
2050;02.07.1993
4853;19.10.2005
4468;28.01.2004
3792;13.02.2001
3769;11.01.2001
4835;23.09.2005
3622;09.05.2000
5269;05.07.2007
1252;30.01.1990
6160;27.05.2011
2851;13.01.1997
3759;28.12.2000
5812;15.12.2009
5035;30.06.2006
3892;03.07.2001
3825;30.03.2001
4781;23.05.2005
5804;03.12.2009
3766;08.01.2001
3471;11.10.1999
4976;10.04.2006
2937;13.05.1997
4284;27.03.2003
5774;22.10.2009
4161;07.10.2002
5663;01.04.2009
4687;11.01.2005
4913;11.01.2006
2785;11.10.1996
6206;19.09.2011
2819;28.11.1996
6051;27.12.2010
2829;12.12.1996
4148;18.09.2002
3515;10.12.1999
5365;28.12.2007
3530;31.12.1999
3617;02.05.2000
3648;14.06.2000
5554;30.10.2008
5984;23.09.2010
5653;18.03.2009
3208;08.07.1998
5683;29.04.2009
1323;09.05.1990
4563;09.06.2004
3147;14.04.1998
4338;11.06.2003
5218;25.04.2007
5953;30.06.2010
6252;22.11.2011
4124;04.07.2002
6122;05.04.2011
6195;15.07.2011
4495;05.03.2004
3453;15.09.1999
5204;05.04.2007
6054;30.12.2010
6020;12.11.2010
5510;18.07.2008
4645;12.11.2004
4759;21.04.2005
4501;15.03.2004
4575;25.06.2004
4709;10.02.2005
4677;28.12.2004
5178;28.02.2007
5000;12.05.2006
4079;02.05.2002
4902;27.12.2005
3015;10.10.1997
5734;09.07.2009
4800;17.06.2005
6256;28.11.2011
1376;03.09.1990
3922;25.09.2001
3424;24.06.1999
2905;28.03.1997
4627;19.10.2004
5131;25.12.2006
3163;06.05.1998
5371;07.01.2008
3535;07.01.2000
11;24.09.1984
4905;30.12.2005
3772;16.01.2001
5354;13.12.2007
5121;11.12.2006
5712;09.06.2009
2967;24.06.1997
6229;20.10.2011
5830;08.01.2010
5533;01.10.2008
6146;09.05.2011
5899;15.04.2010
6045;17.12.2010
6018;10.11.2010
4553;26.05.2004
2852;14.01.1997
4551;24.05.2004
5485;13.06.2008
2909;03.04.1997
3746;11.12.2000
3070;26.12.1997
4326;26.05.2003
3564;17.02.2000
4080;03.05.2002
6061;10.01.2011
5504;10.07.2008
4192;19.11.2002
5011;29.05.2006
5098;08.11.2006
4962;21.03.2006
5977;14.09.2010
3491;08.11.1999
4347;24.06.2003
5634;19.02.2009
5385;25.01.2008
5783;04.11.2009
5646;09.03.2009
1885;13.11.1992
5813;16.12.2009
4261;24.02.2003
5814;17.12.2009
5962;13.07.2010
3578;08.03.2000
3864;24.05.2001
2973;02.07.1997
3095;30.01.1998
3189;11.06.1998
3260;06.11.1998
4149;19.09.2002
968;16.11.1988
3592;28.03.2000
6278;28.12.2011
5369;03.01.2008
4669;16.12.2004
5013;31.05.2006
4774;12.05.2005
4463;21.01.2004
5791;16.11.2009
3930;05.10.2001
5297;25.09.2007
5114;30.11.2006
5838;20.01.2010
1177;17.10.1989
4182;05.11.2002
4331;02.06.2003
5049;20.07.2006
5355;14.12.2007
3005;26.09.1997
4201;02.12.2002
3482;26.10.1999
5710;05.06.2009
4621;11.10.2004
5103;15.11.2006
3196;22.06.1998
2993;10.09.1997
4245;31.01.2003
5370;04.01.2008
5244;31.05.2007
4863;02.11.2005
2991;08.09.1997
3305;08.01.1999
6043;15.12.2010
5606;12.01.2009
4984;20.04.2006
2950;30.05.1997
6258;30.11.2011
4785;27.05.2005
4521;12.04.2004
2965;20.06.1997
5163;07.02.2007
5585;12.12.2008
5928;26.05.2010
5526;22.09.2008
5643;04.03.2009
5323;31.10.2007
3274;26.11.1998
4647;16.11.2004
1164;28.09.1989
2676;01.04.1996
4520;09.04.2004
4566;14.06.2004
5373;09.01.2008
3152;21.04.1998
9;20.09.1984
3821;26.03.2001
4178;30.10.2002
5789;12.11.2009
3768;10.01.2001
3685;15.09.2000
3773;17.01.2001
6002;19.10.2010
3593;29.03.2000
3786;05.02.2001
4311;05.05.2003
3495;12.11.1999
5358;19.12.2007
3429;01.07.1999
3289;17.12.1998
3888;27.06.2001
3008;01.10.1997
3107;17.02.1998
3359;25.03.1999
1215;08.12.1989
5409;28.02.2008
5214;19.04.2007
3427;29.06.1999
3717;31.10.2000
5292;18.09.2007
2807;12.11.1996
5871;08.03.2010
3800;23.02.2001
3224;17.09.1998
2348;16.11.1994
315;22.11.1985
4349;26.06.2003
5374;10.01.2008
5922;18.05.2010
3610;21.04.2000
4142;10.09.2002
1247;23.01.1990
3376;19.04.1999
3369;08.04.1999
5730;03.07.2009
5429;27.03.2008
5993;06.10.2010
313;20.11.1985
2871;10.02.1997
1195;10.11.1989
5679;23.04.2009
4137;03.09.2002
5661;30.03.2009
4156;30.09.2002
3778;24.01.2001
3510;03.12.1999
2879;20.02.1997
6274;22.12.2011
964;10.11.1988
5092;31.10.2006
2737;25.06.1996
351;13.01.1986
4531;26.04.2004
4579;01.07.2004
3473;13.10.1999
4602;14.09.2004
5856;15.02.2010
1873;28.10.1992
5569;20.11.2008
6011;01.11.2010
1794;21.05.1992
6244;10.11.2011
5932;01.06.2010
5031;26.06.2006
3034;06.11.1997
5172;20.02.2007
2964;19.06.1997
3856;14.05.2001
3165;08.05.1998
5560;07.11.2008
5619;29.01.2009
2907;01.04.1997
5212;17.04.2007
4222;31.12.2002
2833;18.12.1996
4252;11.02.2003
5305;05.10.2007
6036;06.12.2010
5167;13.02.2007
3151;20.04.1998
3865;25.05.2001
5135;29.12.2006
3400;21.05.1999
1317;01.05.1990
4216;23.12.2002
3589;23.03.2000
4250;07.02.2003
4394;16.10.2003
4720;25.02.2005
5069;28.09.2006
6003;20.10.2010
5876;15.03.2010
1881;09.11.1992
4364;17.07.2003
6207;20.09.2011
1983;31.03.1993
1251;29.01.1990
5236;21.05.2007
3919;20.09.2001
3644;08.06.2000
5061;18.09.2006
3038;12.11.1997
2046;28.06.1993
3940;19.10.2001
6044;16.12.2010
5070;29.09.2006
5195;23.03.2007
4999;11.05.2006
